<?xml version="1.0"?>
<fastsim>
  <display enable="true"/>
  <!-- world -->
  <map name="maze_hard.pbm" size="600"/>

<!-- /!\ WARNING /!\ The robot "diameter" is actually a radius ! --> 
  <robot x="60" y="450" theta="45" diameter="10"/> <!-- Start pos : 0.1*size, 0.1*size, pi/4 -->
	
  <goal x="60" y="60" color="0" diameter="7"/> <!-- Goal pos :0.1*size, 0.75*size -->
  
  <!-- sensors -->
  <laser range="100" angle="45"/>
  <laser range="100" angle="0"/>
  <laser range="100" angle="-45"/>
  <!-- <radar slices="4" color="0"/> --> <!-- radar disabled for now -->
</fastsim>
